{"D2min_VoIP_numUE10_numRbs1.csv": {"subnet": "VoIP", "numUE": "10", "numRbs": "1", "delay": {"delay_mean": 2.4573044579392644, "delay_std": 0.752941327426998, "delay_min": 1.2180492462060852, "delay_max": 4.031379347889225}, "loss": {"loss_mean": 0.20391491801249387, "loss_std": 0.02364483784328316, "loss_min": 0.16916757008002345, "loss_max": 0.2562015148578682}, "jitter": {"jitter_mean": 6.078094763079876, "jitter_std": 2.1175303275549093, "jitter_min": 3.33407014196899, "jitter_max": 10.318200705018194}}, "D2min_VoIP_numUE15_numRbs1.csv": {"subnet": "VoIP", "numUE": "15", "numRbs": "1", "delay": {"delay_mean": 0.052459499980720935, "delay_std": 0.007702358468671245, "delay_min": 0.04294697640517222, "delay_max": 0.06463974619655347}, "loss": {"loss_mean": 0.10289563236357249, "loss_std": 0.0061603789668471295, "loss_min": 0.09371694223469622, "loss_max": 0.11498239513640357}, "jitter": {"jitter_mean": 0.06383519961150504, "jitter_std": 0.014305639439637776, "jitter_min": 0.04230022965927135, "jitter_max": 0.08640354750965244}}, "D2min_VoIP_numUE20_numRbs1.csv": {"subnet": "VoIP", "numUE": "20", "numRbs": "1", "delay": {"delay_mean": 0.11468060069970662, "delay_std": 0.019331345088024008, "delay_min": 0.08287945638945761, "delay_max": 0.1749965059703106}, "loss": {"loss_mean": 0.1259859985779665, "loss_std": 0.007809556779813474, "loss_min": 0.1135790532030332, "loss_max": 0.14393996997855282}, "jitter": {"jitter_mean": 0.19764987916471985, "jitter_std": 0.053349086337810776, "jitter_min": 0.10507177465026529, "jitter_max": 0.32435244335200814}}, "D2min_VoIP_numUE25_numRbs1.csv": {"subnet": "VoIP", "numUE": "25", "numRbs": "1", "delay": {"delay_mean": 0.25449110335898234, "delay_std": 0.057164067350038705, "delay_min": 0.16056099095999574, "delay_max": 0.3507393300976993}, "loss": {"loss_mean": 0.15613791552558062, "loss_std": 0.010818759257979324, "loss_min": 0.13208059335726693, "loss_max": 0.17720473623518898}, "jitter": {"jitter_mean": 0.504967514824069, "jitter_std": 0.12614881705677422, "jitter_min": 0.2784339946313948, "jitter_max": 0.7812284092382182}}, "D2min_VoIP_numUE30_numRbs1.csv": {"subnet": "VoIP", "numUE": "30", "numRbs": "1", "delay": {"delay_mean": 0.47520657903465796, "delay_std": 0.1411736088266784, "delay_min": 0.2450523159554907, "delay_max": 0.8162720479567611}, "loss": {"loss_mean": 0.17216211407424345, "loss_std": 0.01282801136994703, "loss_min": 0.14930193147313403, "loss_max": 0.20495760413578043}, "jitter": {"jitter_mean": 0.9696073438108721, "jitter_std": 0.2749778547220798, "jitter_min": 0.5461758592106516, "jitter_max": 1.6699220117383147}}, "D2min_VoIP_numUE30_numRbs2.csv": {"subnet": "VoIP", "numUE": "30", "numRbs": "2", "delay": {"delay_mean": 0.05382432656956422, "delay_std": 0.009233489039431672, "delay_min": 0.03589218548029884, "delay_max": 0.07883885359038639}, "loss": {"loss_mean": 0.10182719450043733, "loss_std": 0.005880321775138474, "loss_min": 0.08940355517397795, "loss_max": 0.11797179091199327}, "jitter": {"jitter_mean": 0.07367179516631453, "jitter_std": 0.022771338858464076, "jitter_min": 0.044937193383826714, "jitter_max": 0.1295197014829137}}, "D2min_VoIP_numUE35_numRbs1.csv": {"subnet": "VoIP", "numUE": "35", "numRbs": "1", "delay": {"delay_mean": 0.7096075596493278, "delay_std": 0.22948055159077918, "delay_min": 0.3998229428837065, "delay_max": 1.5862913521686968}, "loss": {"loss_mean": 0.18030952763956104, "loss_std": 0.009617510473482326, "loss_min": 0.16403908796487404, "loss_max": 0.20337111984919826}, "jitter": {"jitter_mean": 1.5079229940363998, "jitter_std": 0.48947784628188584, "jitter_min": 0.8149125408711487, "jitter_max": 3.16672412046514}}, "D2min_VoIP_numUE35_numRbs2.csv": {"subnet": "VoIP", "numUE": "35", "numRbs": "2", "delay": {"delay_mean": 0.09395925925436902, "delay_std": 0.01824051190432396, "delay_min": 0.06358712123631208, "delay_max": 0.13041225022505146}, "loss": {"loss_mean": 0.11702625488455964, "loss_std": 0.00941746050314124, "loss_min": 0.09461847808375519, "loss_max": 0.13784213553100286}, "jitter": {"jitter_mean": 0.14426119695736508, "jitter_std": 0.05165702965884222, "jitter_min": 0.07911037446545748, "jitter_max": 0.29850501822455067}}, "D2min_VoIP_numUE40_numRbs1.csv": {"subnet": "VoIP", "numUE": "40", "numRbs": "1", "delay": {"delay_mean": 0.9755388813184783, "delay_std": 0.26692857537648557, "delay_min": 0.5674448885285399, "delay_max": 1.7037193288009094}, "loss": {"loss_mean": 0.1849628943620145, "loss_std": 0.014920337391269613, "loss_min": 0.15009903630112903, "loss_max": 0.21930244932013654}, "jitter": {"jitter_mean": 2.015028312105433, "jitter_std": 0.6154150490630172, "jitter_min": 1.140319568251232, "jitter_max": 3.699336311460763}}, "D2min_VoIP_numUE40_numRbs2.csv": {"subnet": "VoIP", "numUE": "40", "numRbs": "2", "delay": {"delay_mean": 0.15859558138826413, "delay_std": 0.03405595473843925, "delay_min": 0.09832674448094661, "delay_max": 0.26067214741167505}, "loss": {"loss_mean": 0.13269904329899243, "loss_std": 0.009039049555557047, "loss_min": 0.11320436935815521, "loss_max": 0.15197649988882334}, "jitter": {"jitter_mean": 0.28533648533038813, "jitter_std": 0.08609211916530841, "jitter_min": 0.13951645072986008, "jitter_max": 0.5401603837379126}}, "D2min_VoIP_numUE70_numRbs1.csv": {"subnet": "VoIP", "numUE": "70", "numRbs": "1", "delay": {"delay_mean": 0.007650293274506503, "delay_std": 0.0013475404499487624, "delay_min": 0.005337140472544822, "delay_max": 0.012241588472327383}, "loss": {"loss_mean": 0.03545131555327087, "loss_std": 0.00275647309632834, "loss_min": 0.024631736965590918, "loss_max": 0.04307785447833359}, "jitter": {"jitter_mean": 0.00955178004455584, "jitter_std": 0.0020068338086766534, "jitter_min": 0.006311654355258582, "jitter_max": 0.017215580915481647}}, "D2min_VoIP_numUE70_numRbs2.csv": {"subnet": "VoIP", "numUE": "70", "numRbs": "2", "delay": {"delay_mean": 0.7508768125409874, "delay_std": 0.22660991266358455, "delay_min": 0.45177703544603487, "delay_max": 1.469226120067355}, "loss": {"loss_mean": 0.18021089907158963, "loss_std": 0.012938074007155282, "loss_min": 0.15798659086773434, "loss_max": 0.23781939930181167}, "jitter": {"jitter_mean": 1.7361545909574239, "jitter_std": 0.52162838200466, "jitter_min": 0.9874640554046816, "jitter_max": 3.4210108381904454}}, "D2min_VoIP_numUE70_numRbs3.csv": {"subnet": "VoIP", "numUE": "70", "numRbs": "3", "delay": {"delay_mean": 0.22584880053426495, "delay_std": 0.0529431731380327, "delay_min": 0.13245099307580968, "delay_max": 0.37358117951436925}, "loss": {"loss_mean": 0.13511201267701456, "loss_std": 0.00932266438926378, "loss_min": 0.1159039498994484, "loss_max": 0.1668698676321764}, "jitter": {"jitter_mean": 0.456699704078867, "jitter_std": 0.16457704696469894, "jitter_min": 0.2228237777179894, "jitter_max": 1.4120239689387941}}, "D2min_VoIP_numUE70_numRbs4.csv": {"subnet": "VoIP", "numUE": "70", "numRbs": "4", "delay": {"delay_mean": 0.05815473254710643, "delay_std": 0.010171857915590787, "delay_min": 0.03552886055202083, "delay_max": 0.08382809004029315}, "loss": {"loss_mean": 0.0966668425584433, "loss_std": 0.00571241676257399, "loss_min": 0.07842099230353321, "loss_max": 0.11236862579363378}, "jitter": {"jitter_mean": 0.10325820589483437, "jitter_std": 0.03747139431982498, "jitter_min": 0.048794655226414296, "jitter_max": 0.2233672116422037}}, "D2min_VoIP_numUE70_numRbs5.csv": {"subnet": "VoIP", "numUE": "70", "numRbs": "5", "delay": {"delay_mean": 0.016169459266706033, "delay_std": 0.0026283843675880556, "delay_min": 0.01155708505545427, "delay_max": 0.02438640441574229}, "loss": {"loss_mean": 0.0664748620936542, "loss_std": 0.004248194067141958, "loss_min": 0.05711420820088496, "loss_max": 0.0781482266369559}, "jitter": {"jitter_mean": 0.01759054529987761, "jitter_std": 0.006514642920473338, "jitter_min": 0.00766747887651169, "jitter_max": 0.040241191947412464}}, "D2min_VoIP_numUE70_numRbs6.csv": {"subnet": "VoIP", "numUE": "70", "numRbs": "6",